0,0,0,0,0,0
0.00028,0.0027755,0,0.003872112,0.00028,-0.013930216
0.0037,0.01109376,0.0037,0.005073905,0.0037,-0.00091989
0.00969,0.02401003,0.00969,0.013632449,0.0094,0.011515765
0.01652,0.02155424,0.01624,0.022253784,0.01624,0.016019722
0.02422,0.02812742,0.02393,0.014092262,0.02365,0.012978668
0.03162,0.03218203,0.03134,0.011626015,0.03105,0.024829189
0.03875,0.02847225,0.03875,0.007905779,0.03875,0.024191728
0.04587,0.05138932,0.04558,0.018857445,0.04587,0.026940018
0.05299,0.04592387,0.05271,0.021877561,0.05299,0.02774466
0.06011,0.05213117,0.05954,0.015910585,0.05983,0.039699571
0.06695,0.05979117,0.06638,0.01511641,0.06667,0.028005897
0.07379,0.06204838,0.07322,0.016903337,0.07322,0.023146648
0.08063,0.07294774,0.07949,0.020017509,0.08006,0.032300942
0.08718,0.06525661,0.08632,0.04058313,0.08689,0.034746265
0.0943,0.08662693,0.09288,0.049820994,0.09373,0.035456852
0.10085,0.08476687,0.09972,0.054993795,0.10028,0.045666561
0.10741,0.10050468,0.10655,0.053248598,0.10684,0.029928745
0.11396,0.1064926,0.11311,0.072393181,0.11368,0.038665087
0.12051,0.10367106,0.11937,0.084389794,0.12023,0.036898955
0.12678,0.10986802,0.1265,0.079070742,0.12678,0.035812145
0.1339,0.13509449,0.13362,0.082602866,0.13362,0.043806504
0.14046,0.13093537,0.14017,0.080763613,0.14017,0.041862726
0.14701,0.13979703,0.14672,0.086134991,0.14644,0.055604568
0.15356,0.14077932,0.15385,0.088099695,0.15356,0.041998642
0.16011,0.16173181,0.1604,0.085664713,0.1604,0.043482476
0.16695,0.14629696,0.16724,0.103408925,0.16695,0.054266986
0.17379,0.16798096,0.17407,0.097661456,0.17379,0.046554925
0.18034,0.17533773,0.18034,0.092227418,0.18063,0.051664947
0.18718,0.18999933,0.18689,0.084943663,0.18718,0.053545934
0.19373,0.20770173,0.19373,0.096553718,0.19373,0.050672193
0.20057,0.21030377,0.20028,0.096480593,0.20028,0.051968045
0.20712,0.22038816,0.20655,0.102813327,0.20712,0.050149718
0.21396,0.23138158,0.21339,0.093784504,0.21368,0.057903639
0.22051,0.23663798,0.21994,0.103555307,0.22051,0.060066794
0.22707,0.2505262,0.22678,0.097588331,0.22707,0.066086111
0.23362,0.25207283,0.23333,0.10327314,0.2339,0.048446377
0.24046,0.25066199,0.24017,0.111371871,0.24046,0.040608734
0.24729,0.26072545,0.24701,0.123493934,0.24701,0.062021038
0.25385,0.26851077,0.25356,0.107818816,0.25385,0.059554785
0.26068,0.27800989,0.26011,0.110765807,0.2604,0.049564452
0.26724,0.28863768,0.26667,0.115959538,0.26695,0.053002529
0.27379,0.28546084,0.2735,0.111695898,0.27379,0.059314478
0.28063,0.2752302,0.28006,0.116283435,0.28034,0.051278258
0.28718,0.29340288,0.28661,0.115238488,0.28689,0.061090944
0.29373,0.29111427,0.29345,0.115823622,0.29345,0.058227668
0.30057,0.28284834,0.3,0.118603301,0.30028,0.048989782
0.30741,0.27933714,0.30684,0.113106603,0.30712,0.060923763
0.31367,0.27905497,0.31339,0.11851971,0.31339,0.057046671
0.32051,0.2790445,0.32023,0.104412142,0.31994,0.066974344
0.32735,0.28958858,0.32678,0.102165402,0.32678,0.054005748
0.3339,0.29094709,0.33333,0.100890483,0.33333,0.058593296
0.34046,0.27339095,0.33989,0.103586572,0.34017,0.058927789
0.34701,0.27229367,0.34672,0.10471524,0.34672,0.05579281
0.35385,0.28376784,0.35328,0.107578509,0.35356,0.055301601
0.3604,0.28842864,0.3604,0.097922693,0.36011,0.064267784
0.36695,0.29718578,0.36695,0.114789009,0.36667,0.050567671
0.3735,0.30987221,0.37379,0.109166991,0.37322,0.049219624
0.38034,0.30454268,0.38006,0.119648378,0.38006,0.046805697
0.38718,0.31345654,0.38661,0.113974034,0.38689,0.061331251
0.39402,0.31823233,0.39345,0.12426731,0.39373,0.060537074
0.40057,0.31752174,0.4,0.128290513,0.40028,0.051748537
0.40741,0.3279299,0.40684,0.123828427,0.40712,0.054089339
0.41396,0.3290273,0.41367,0.131906228,0.41396,0.04658619
0.42051,0.33526599,0.42023,0.138249427,0.42023,0.042061303
0.42735,0.33202649,0.42678,0.142502601,0.42678,0.043984151
0.43419,0.31626775,0.43333,0.135783179,0.43362,0.024870919
0.44046,0.31914149,0.44017,0.133076626,0.44046,0.043033126
0.44701,0.32075077,0.44672,0.158104594,0.44701,0.047777521
0.45385,0.33177559,0.45328,0.155847389,0.45356,0.04340935
0.4604,0.32339467,0.46011,0.148971251,0.4604,0.058050021
0.46724,0.32921528,0.46667,0.162169657,0.46695,0.049564452
0.47379,0.32664464,0.4735,0.156119091,0.4735,0.043545267
0.48034,0.32396934,0.48006,0.168795023,0.48034,0.044632077
0.48689,0.33841144,0.48661,0.163026624,0.48718,0.04611591
0.49373,0.34073131,0.49345,0.162190588,0.49373,0.056764634
0.50028,0.34752387,0.5,0.164447793,0.50028,0.044485695
0.50655,0.34838084,0.50655,0.175869738,0.50684,0.042333005
0.51339,0.3714023,0.51339,0.174835125,0.51339,0.063640788
0.52051,0.37109933,0.52023,0.171501577,0.51994,0.051884454
0.52707,0.36916602,0.52621,0.1871453,0.52678,0.055374726
0.53362,0.38902123,0.53305,0.185536019,0.53333,0.053890893
0.54074,0.39071411,0.54017,0.186110819,0.54046,0.070590067
0.54758,0.40053726,0.54672,0.190583369,0.54701,0.069095638
0.55413,0.41171879,0.55328,0.180843962,0.55356,0.072188887
0.5604,0.41865761,0.56011,0.187950072,0.5604,0.065897999
0.56724,0.43159494,0.56695,0.190802876,0.56695,0.081364112
0.57379,0.42638026,0.5735,0.180321489,0.5735,0.07731997
0.58034,0.44847176,0.58006,0.200490088,0.58006,0.085063426
0.58718,0.45025869,0.58718,0.182923521,0.58689,0.08164628
0.59402,0.46626834,0.59345,0.186904994,0.59345,0.080371358
0.60085,0.47591371,0.60028,0.191419405,0.60028,0.091950045
0.60741,0.4834064,0.60655,0.194084229,0.60684,0.089327076
0.61367,0.48747147,0.6131,0.191231294,0.61339,0.095168745
0.62051,0.49229945,0.61994,0.190802876,0.62023,0.106841357
0.62735,0.51013776,0.6265,0.207658858,0.62678,0.100665456
0.63362,0.51478797,0.63305,0.197637153,0.63333,0.109558513
0.64046,0.53057811,0.64017,0.196059267,0.64046,0.108973248
0.64729,0.54065204,0.64701,0.192506213,0.64672,0.108858261
0.65413,0.54968088,0.65356,0.20580914,0.65385,0.116445001
0.66068,0.53645105,0.66011,0.21299884,0.66011,0.114804452
0.66724,0.55143642,0.66695,0.203750511,0.66695,0.124460291
0.67407,0.55341159,0.67379,0.20510902,0.67379,0.117573672
0.68063,0.5553449,0.68034,0.207742448,0.68034,0.100665456
0.68718,0.5685746,0.68718,0.200594609,0.68718,0.097676728
0.69402,0.57195002,0.69402,0.199967615,0.69373,0.105054426
0.70057,0.58267187,0.70028,0.196215983,0.70057,0.118242529
0.70741,0.57670488,0.70684,0.203750511,0.70712,0.10063406
0.71396,0.58400945,0.71339,0.214963413,0.71367,0.116434667
0.72023,0.59633012,0.72023,0.195526329,0.72051,0.117761784
0.72706,0.6000921,0.7265,0.205955521,0.72706,0.115577699
0.73362,0.60751166,0.73333,0.211159587,0.73362,0.128065549
0.74046,0.60496194,0.74017,0.206707836,0.74017,0.121063944
0.74701,0.60944484,0.74672,0.212434506,0.74701,0.12544258
0.75385,0.60482603,0.75328,0.211452219,0.75385,0.123425676
0.7604,0.60402138,0.76011,0.205014964,0.7604,0.137157184
0.76695,0.59751086,0.76667,0.221651439,0.76695,0.14217315
0.77379,0.60083408,0.77322,0.213698959,0.7735,0.138432106
0.78063,0.58503347,0.78006,0.214158773,0.78034,0.153051716
0.78718,0.59754225,0.78661,0.213500383,0.78689,0.152079892
0.79373,0.58387354,0.79345,0.20653019,0.79345,0.153887754
0.80057,0.57456253,0.8,0.209884668,0.80028,0.166783093
0.80712,0.56121771,0.80655,0.217398265,0.80684,0.171318445
0.81339,0.53783049,0.81367,0.195724774,0.81339,0.174484819
0.82023,0.52595917,0.82023,0.191617982,0.82023,0.169970397
0.82706,0.53915761,0.82678,0.188054462,0.82678,0.183555523
0.83362,0.54629513,0.83362,0.174479833,0.83362,0.182489644
0.84045,0.54959729,0.84045,0.159086881,0.84045,0.17832005
0.84729,0.54852094,0.84701,0.163831264,0.84701,0.192532172
0.85356,0.56903442,0.85328,0.145334606,0.85356,0.20046374
0.86011,0.58325701,0.86011,0.163089284,0.8604,0.198697739
0.86695,0.57438488,0.86667,0.148365187,0.86667,0.217946757
0.87379,0.60119984,0.87322,0.160863343,0.8735,0.206054637
0.88063,0.61289351,0.88006,0.169672789,0.88034,0.22260756
0.88746,0.63492221,0.88689,0.155983174,0.88718,0.237498873
0.89373,0.64431695,0.89345,0.158376296,0.89373,0.235450704
0.90057,0.66069222,0.90028,0.159557159,0.90028,0.231646869
0.90741,0.67080788,0.90684,0.156913266,0.90712,0.242117816
0.91396,0.69101838,0.91367,0.174971041,0.91396,0.245984311
0.92051,0.69929491,0.92023,0.171334396,0.92023,0.252703749
0.92735,0.7099643,0.92678,0.167258868,0.92706,0.246214284
0.93419,0.73022701,0.93362,0.180070586,0.9339,0.256633035
0.94045,0.73371741,0.93989,0.177635734,0.94045,0.267730978
0.94701,0.74427195,0.94672,0.17548305,0.94701,0.27324875
0.95356,0.7499569,0.95328,0.186831869,0.95356,0.267072717
0.96011,0.7746087,0.96011,0.18992511,0.9604,0.288578946
0.96695,0.78500653,0.96667,0.192725719,0.96667,0.286572508
0.97379,0.79534156,0.97322,0.192370296,0.9735,0.289143282
0.98034,0.7966896,0.98006,0.18135597,0.98034,0.310670441
0.98689,0.81580297,0.98689,0.198441924,0.98689,0.301902835
0.99373,0.82057862,0.99345,0.211567074,0.99373,0.31704492
1.00057,0.82300302,1.00028,0.202674168,1.00028,0.317348018
1.00712,0.84010981,1.00684,0.200291511,1.00684,0.324360088
1.01367,0.83747638,1.01367,0.208965041,1.01367,0.335405835
1.02023,0.86302675,1.01994,0.20512995,1.02023,0.348604272
1.02706,0.874292,1.02678,0.217680432,1.02678,0.346399257
1.03362,0.88194153,1.03362,0.195129176,1.03333,0.35272154
1.04017,0.89125267,1.04017,0.211932832,1.03988,0.36346432
1.04701,0.90278937,1.04672,0.215412761,1.04644,0.368595272
1.05385,0.90720974,1.05356,0.216541299,1.05328,0.38081142
1.0604,0.92465102,1.0604,0.219906242,1.06011,0.385691601
1.06695,0.93612519,1.06695,0.219895777,1.06695,0.393362062
1.07379,0.93566538,1.0735,0.222508406,1.0735,0.404940749
1.08063,0.96078746,1.08034,0.223062275,1.08034,0.405504954
1.08718,0.98408075,1.08689,0.227242193,1.08689,0.436970251
1.09402,0.98106063,1.09345,0.22750356,1.09345,0.439342448
1.10057,0.98384031,1.1,0.238820853,1.1,0.438255638
1.10712,0.99148984,1.10684,0.234442358,1.10655,0.457002981
1.11396,1.00818915,1.11339,0.241600663,1.11367,0.474705505
1.1208,1.01476207,1.11994,0.244495328,1.12051,0.485928899
1.12735,1.02858751,1.12678,0.247881071,1.12706,0.49907501
1.1339,1.03392763,1.13333,0.254109284,1.13362,0.506703611
1.14045,1.03565177,1.14017,0.268237782,1.13988,0.514300817
1.14729,1.05248699,1.14672,0.270066569,1.14672,0.524468796
1.15385,1.06658426,1.15356,0.267736239,1.15328,0.533633556
1.16068,1.06121287,1.16011,0.266168687,1.16011,0.544470261
1.16724,1.07261391,1.16667,0.273922722,1.16724,0.560490245
1.17379,1.09104782,1.1735,0.272093934,1.17379,0.553300659
1.18063,1.09567723,1.18006,0.279158183,1.18063,0.566822993
1.18718,1.0921345,1.18661,0.269794868,1.18718,0.592133057
1.19373,1.09969011,1.19345,0.280109074,1.19373,0.598612188
1.20057,1.10283542,1.2,0.280213595,1.20028,0.602708656
1.20712,1.1126689,1.20684,0.267307821,1.20712,0.615750377
1.21396,1.11294074,1.21339,0.27233424,1.21396,0.620348389
1.22051,1.11022358,1.21994,0.269805333,1.22051,0.637486448
1.22706,1.13511582,1.22678,0.267558592,1.22735,0.662305563
1.2339,1.12142618,1.23333,0.268593205,1.23362,0.66678859
1.24017,1.13624436,1.24017,0.255635105,1.24017,0.691461323
1.24701,1.13959898,1.24672,0.268572274,1.24672,0.695035186
1.25384,1.14881593,1.25356,0.271028057,1.25356,0.713688604
1.2604,1.13965117,1.26011,0.266764417,1.26011,0.727493237
1.26695,1.15272416,1.26695,0.26940818,1.26695,0.739030064
1.27379,1.15312131,1.2735,0.279158183,1.2735,0.75267785
1.28063,1.16085444,1.28006,0.28681803,1.28034,0.772209036
1.28718,1.15231667,1.28661,0.287288309,1.28718,0.769000931
1.29402,1.16311165,1.29373,0.295867783,1.29373,0.796777249
1.30057,1.16074978,1.30028,0.307247997,1.30028,0.805942009
1.30712,1.15218089,1.30684,0.303454636,1.30684,0.834470773
1.31367,1.16492984,1.31367,0.313361224,1.31339,0.844690948
1.32051,1.17116854,1.31994,0.320634515,1.32023,0.863250309
1.32735,1.17974829,1.32649,0.325441558,1.32678,0.87192386
1.3339,1.18364592,1.33333,0.328210772,1.33362,0.898759749
1.34074,1.18185925,1.34017,0.334512111,1.34045,0.922972537
1.34729,1.19196418,1.34701,0.347418015,1.34672,0.922178229
1.35384,1.20194405,1.35356,0.362790037,1.35356,0.938574567
1.3604,1.21971983,1.3604,0.358934015,1.3604,0.96642401
1.36724,1.22122446,1.36695,0.365287549,1.36667,0.975578305
1.37407,1.23397381,1.3735,0.379102615,1.3735,1.003156176
1.38063,1.23161195,1.38034,0.38061784,1.38034,1.006635983
1.38718,1.25134158,1.38689,0.38358563,1.38689,1.038080218
1.39345,1.25681749,1.39345,0.390649879,1.39345,1.044005479
1.4,1.27067445,1.4,0.404360425,1.40028,1.076191827
1.40684,1.2610708,1.40684,0.406116087,1.40684,1.086150634
1.41367,1.27396614,1.41367,0.407673042,1.41367,1.110896493
1.42051,1.28488644,1.42023,0.405583018,1.42023,1.118242926
1.42706,1.2975416,1.42678,0.411184236,1.42706,1.14391888
1.4339,1.30507602,1.43333,0.419795106,1.4339,1.174673328
1.44074,1.29947478,1.44017,0.426692174,1.44045,1.176596307
1.44701,1.31709372,1.44644,0.432857727,1.44701,1.195761604
1.45356,1.31760573,1.45327,0.455356657,1.45384,1.22714331
1.4604,1.32517167,1.46011,0.459484511,1.4604,1.240090844
1.46724,1.33641599,1.46667,0.46519012,1.46695,1.265045746
1.47379,1.33903883,1.47322,0.472014063,1.4735,1.272319053
1.48034,1.33810887,1.48034,0.471606575,1.48034,1.309949918
1.48718,1.35987647,1.48689,0.482004372,1.48689,1.319731208
1.49373,1.35687727,1.49345,0.470300261,1.49373,1.342972042
1.50028,1.36488184,1.50028,0.482850742,1.50028,1.354091046
1.50684,1.38164393,1.50712,0.49466984,1.50712,1.381344889
1.51396,1.37922974,1.51339,0.504586893,1.51367,1.400311739
1.52051,1.38465346,1.51994,0.515883517,1.52023,1.407647838
1.52706,1.40536551,1.52678,0.51140037,1.52706,1.426719078
1.53419,1.40484317,1.53362,0.524222554,1.53362,1.443669286
1.54045,1.40442521,1.53988,0.534819058,1.54017,1.458508404
1.54729,1.40060045,1.54672,0.535613234,1.54672,1.47925172
1.55413,1.41229399,1.55356,0.544370354,1.55356,1.500705754
1.56068,1.42345472,1.56011,0.544892827,1.5604,1.516349644
1.56752,1.42790662,1.56695,0.550368595,1.56667,1.524897743
1.57407,1.41797881,1.5735,0.571362896,1.57379,1.541920946
1.58063,1.4386388,1.58034,0.561445843,1.58034,1.568150769
1.58718,1.43921347,1.58689,0.576984914,1.58689,1.585654586
1.59373,1.44401006,1.59373,0.570014852,1.59345,1.601685035
1.60057,1.45291345,1.60028,0.577726894,1.60028,1.623274854
1.60712,1.45287172,1.60684,0.585961672,1.60712,1.637769144
1.61396,1.45918354,1.61339,0.588208413,1.61339,1.657457046
1.62051,1.46802453,1.61937,0.58566904,1.62023,1.690260055
1.62706,1.46760645,1.62649,0.588668226,1.62678,1.701483449
1.6339,1.46255896,1.6339,0.613079535,1.63362,1.725424274
1.64074,1.44313229,1.64045,0.597655188,1.64017,1.739239373
1.64701,1.44760485,1.64701,0.615827949,1.64672,1.754120482
1.65356,1.42632847,1.65384,0.609045867,1.65356,1.789117911
1.6604,1.41564848,1.6604,0.622390524,1.6604,1.809902958
1.66723,1.40775877,1.66695,0.633185474,1.66695,1.81985143
1.67379,1.38803947,1.67322,0.634251351,1.6735,1.841441249
1.68034,1.39162367,1.68034,0.658788242,1.68063,1.874066743
1.68689,1.38415205,1.68661,0.651128263,1.68718,1.873376826
1.69373,1.38971142,1.69316,0.654900825,1.69345,1.912000313
1.70028,1.39146695,1.70028,0.654879764,1.7,1.936443336
1.70712,1.39901196,1.70712,0.661787297,1.70684,1.95693575
1.71396,1.40349499,1.71339,0.682373849,1.7131,1.972914003
1.7208,1.41791628,1.72023,0.675570968,1.71966,2.001526358
1.72735,1.41449901,1.72678,0.681005005,1.72678,2.02441203
1.7339,1.43438562,1.73362,0.688121449,1.73362,2.043504332
1.74074,1.42945311,1.74045,0.697662411,1.73988,2.073088511
1.74701,1.45108479,1.74672,0.70415186,1.74672,2.087039395
1.75384,1.45967462,1.75327,0.715176782,1.75299,2.115871257
1.76068,1.47479603,1.76011,0.713671891,1.76011,2.148120397
1.76752,1.49761892,1.76666,0.722700714,1.76723,2.164118927
1.77407,1.4956962,1.77322,0.725125231,1.77407,2.189283002
1.78062,1.52300237,1.78006,0.734049533,1.78034,2.221009405
1.78689,1.52959622,1.78689,0.726222504,1.78689,2.237771501
1.79373,1.54076742,1.79345,0.747289669,1.79373,2.255912779
1.80028,1.55910741,1.80028,0.749181117,1.80057,2.278349232
1.80712,1.57177277,1.80712,0.759568579,1.80741,2.304255027
1.81396,1.58050898,1.81367,0.77415689,1.81396,2.330473993
1.82051,1.59895349,1.82023,0.76671655,1.82051,2.356244133
1.82706,1.60261107,1.82706,0.786655177,1.82706,2.383769809
1.83362,1.61481676,1.83362,0.788159937,1.8339,2.39350937
1.84017,1.62642684,1.84017,0.802058463,1.84045,2.433982318
1.84672,1.64049258,1.84672,0.811850196,1.84701,2.452698266
1.85356,1.64867505,1.85356,0.813302761,1.85356,2.479011811
1.8604,1.66075528,1.8604,0.814400034,1.86011,2.50209619
1.86723,1.68677606,1.86695,0.826522098,1.86695,2.539465686
1.87379,1.69417482,1.8735,0.839783295,1.87379,2.561337543
1.88034,1.70426954,1.88006,0.837536554,1.88062,2.600588157
1.88718,1.72186742,1.88689,0.841852389,1.88718,2.624090359
1.89402,1.73072934,1.89345,0.862365816,1.89402,2.647404319
1.90057,1.74344677,1.9,0.879002422,1.90057,2.663664871
1.90712,1.75659301,1.90684,0.87722596,1.90712,2.691901133
1.91367,1.76636397,1.91367,0.890873714,1.91396,2.737494961
1.92023,1.78493367,1.92023,0.900822032,1.92051,2.769576396
1.92706,1.79259379,1.92678,0.925923257,1.92706,2.790738059
1.9339,1.80122548,1.93362,0.916716657,1.93362,2.823153857
1.94045,1.81937736,1.94017,0.939194657,1.94045,2.844639417
1.94701,1.83676606,1.94672,0.933280007,1.94701,2.883660189
1.95384,1.84592048,1.95356,0.961986351,1.95356,2.907078931
1.9604,1.85138593,1.96011,0.965152718,1.96011,2.934176188
1.96695,1.86546213,1.96695,0.98067099,1.96695,2.958723209
1.9735,1.88527562,1.9735,0.996659671,1.9735,2.986813221
1.98034,1.90224662,1.98005,0.993263332,1.98005,3.013398207
1.98689,1.91192339,1.98661,1.014550135,1.98689,3.048708807
1.99373,1.92941675,1.99316,1.021656375,1.99345,3.089338733
2.00057,1.93548813,1.99971,1.014905427,2,3.119006634
2.00712,1.94145525,2.00655,1.025156973,2.00712,3.139259133
2.01367,1.96094483,2.0131,1.024801681,2.01367,3.178635198
2.02023,1.9759824,2.01966,1.044238765,2.02023,3.19625387
2.02706,1.98702814,2.02649,1.050874465,2.02678,3.230164359
2.03362,1.99445804,2.03333,1.047206555,2.03362,3.260448659
2.04045,2.01792898,2.03988,1.041563476,2.04017,3.289698606
2.04701,2.02324817,2.04672,1.036401271,2.04701,3.322710527
2.05356,2.03476394,2.05327,1.026630469,2.05384,3.364040575
2.06011,2.04509897,2.0604,1.027717276,2.06011,3.386863456
2.06666,2.0526861,2.06666,1.009199818,2.06666,3.422885166
2.0735,2.06071159,2.07322,1.019492963,2.0735,3.445666055
2.08034,2.08732797,2.08006,1.018876434,2.08006,3.479764786
2.08718,2.08162235,2.08689,1.02692297,2.08689,3.514835472
2.09402,2.09635695,2.09345,1.024665895,2.09373,3.537585227
2.10057,2.10830139,2.1,1.028093499,2.10028,3.562174371
2.10741,2.11536579,2.10684,1.046119748,2.10712,3.588341403
2.11396,2.12406001,2.11282,1.050843201,2.11367,3.630361368
2.12051,2.1367255,2.11937,1.065525568,2.12023,3.658722297
2.12735,2.13900378,2.12649,1.098579142,2.12706,3.700042141
2.13362,2.16523347,2.13362,1.086843635,2.13362,3.724788262
2.14017,2.1664456,2.13988,1.102226121,2.14045,3.743201111
2.14701,2.17982181,2.14672,1.127536257,2.14701,3.792002913
2.15356,2.19123319,2.15384,1.135844029,2.15356,3.812652304
2.16011,2.18962377,2.1604,1.147621266,2.1604,3.840679655
2.16695,2.20815213,2.16666,1.150986209,2.16695,3.878048759
2.17379,2.22275068,2.1735,1.177383153,2.1735,3.909085768
2.18062,2.22615723,2.18062,1.197907045,2.18034,3.943873632
2.18718,2.24660831,2.18718,1.214501528,2.18689,3.974451481
2.19401,2.25777964,2.19401,1.22476367,2.19373,3.997723056
2.20057,2.26590965,2.20057,1.241640583,2.2,4.035981309
2.20712,2.27361125,2.20712,1.244054373,2.20684,4.066620902
2.21396,2.29031042,2.21367,1.274600101,2.21339,4.096456245
2.22051,2.30520187,2.22023,1.299763855,2.22023,4.130502128
2.22735,2.30035321,2.22678,1.290755832,2.22678,4.158090333
2.2339,2.32405386,2.23333,1.320423794,2.23362,4.189106412
2.24045,2.31155568,2.23988,1.3316469,2.24045,4.231931281
2.24701,2.34623954,2.24701,1.353613023,2.24701,4.258233576
2.25384,2.3387258,2.25384,1.373269614,2.25384,4.29047212
2.2604,2.34652145,2.2604,1.398757265,2.2604,4.337894478
2.26695,2.36197736,2.26695,1.411485524,2.26723,4.354959934
2.2735,2.35900969,2.27379,1.425478105,2.27379,4.392642862
2.28034,2.37774631,2.28034,1.46518831,2.28034,4.434631301
2.28718,2.36855041,2.28661,1.463098416,2.28718,4.467391927
2.29401,2.36751593,2.29345,1.495232364,2.29345,4.499452955
2.30057,2.37263642,2.30028,1.534629137,2.30028,4.52874437
2.3074,2.36226999,2.30712,1.563189099,2.30684,4.556782186
2.31396,2.37324248,2.31367,1.595375372,2.31339,4.593085933
2.3208,2.39317082,2.32023,1.623245549,2.31994,4.632650111
2.32763,2.39021336,2.32706,1.650154501,2.32678,4.655786685
2.33419,2.39333774,2.33362,1.672413125,2.33333,4.692445595
2.34074,2.40544963,2.33988,1.712625004,2.33988,4.747371103
2.34729,2.41286906,2.34672,1.743797464,2.34672,4.766066381
2.35384,2.40443581,2.35356,1.759023365,2.35356,4.805891665
2.36068,2.40221,2.36011,1.795588003,2.36011,4.84643787
2.36695,2.41751966,2.36695,1.827283067,2.36723,4.890391017
2.37379,2.39180171,2.3735,1.85096273,2.37379,4.91881513
2.38034,2.40394487,2.38034,1.902022146,2.38005,4.957104385
2.38718,2.40644238,2.38689,1.918376192,2.38689,4.998612341
2.39373,2.40721563,2.39373,1.966718459,2.39344,5.03761166
2.40028,2.39974361,2.40028,2.001245267,2.4,5.076391471
2.40684,2.38906389,2.40684,2.045762645,2.40684,5.105359512
2.41339,2.39258569,2.41339,2.070236745,2.41367,5.150274279
2.41994,2.397497,2.42023,2.105808631,2.42051,5.164925416
2.42706,2.37458006,2.42678,2.147065456,2.42706,5.199724007
2.4339,2.37335747,2.43333,2.187632627,2.43362,5.234857484
2.44074,2.37123617,2.43988,2.239402497,2.44017,5.279343571
2.44729,2.36346119,2.44672,2.277074872,2.44701,5.308655917
2.45384,2.36050373,2.45356,2.326336373,2.45384,5.345670251
2.4604,2.35202889,2.46011,2.37571299,2.46068,5.387230532
2.46723,2.33271708,2.46695,2.424399691,2.46695,5.424861004
2.47379,2.33091968,2.47379,2.482387309,2.4735,5.449021598
2.48062,2.31953918,2.48034,2.521073497,2.48062,5.501115225
2.48718,2.29791822,2.48689,2.562581094,2.48718,5.537241194
2.49373,2.30566207,2.49344,2.623995923,2.49344,5.565780555
2.50028,2.27443695,2.50028,2.674062457,2.50028,5.595082435
2.50683,2.26524067,2.50683,2.713542689,2.50712,5.632891208
2.51367,2.26067418,2.51339,2.761822034,2.51339,5.666289556
2.52051,2.25936799,2.52023,2.833833236,2.52023,5.718268328
2.52735,2.24615896,2.52706,2.881872274,2.52678,5.741101412
2.5339,2.21568642,2.53333,2.914696138,2.53362,5.78271415
2.54045,2.20853869,2.54017,2.985495343,2.54045,5.820072265
2.54729,2.18865195,2.54672,3.02927048,2.54701,5.854642323
2.55384,2.20454674,2.55356,3.081458172,2.55384,5.874580604
2.5604,2.18866242,2.55983,3.114940033,2.56068,5.91898284
2.56723,2.18314504,2.56666,3.173554776,2.56723,5.955819396
2.57379,2.18289426,2.5735,3.228898108,2.5735,5.99211307
2.58062,2.17345767,2.58005,3.26808597,2.58005,6.013295532
2.58689,2.15242172,2.58661,3.310690839,2.58689,6.056673225
2.59373,2.13709139,2.59344,3.375167776,2.59344,6.086633889
2.60028,2.13127079,2.60028,3.421932026,2.60028,6.107627585
2.6074,2.11550157,2.60684,3.470796374,2.60712,6.165040669
2.61396,2.12337035,2.61339,3.513432377,2.61367,6.191740772
2.62051,2.10098635,2.62023,3.563467253,2.62051,6.222380496
2.62735,2.09609571,2.62678,3.607744326,2.62706,6.269374697
2.6339,2.08402607,2.63305,3.660768315,2.63362,6.305949231
2.64045,2.07271857,2.63988,3.713300442,2.64045,6.339306765
2.64701,2.06678323,2.64672,3.760179678,2.64701,6.37463882
2.65384,2.04829687,2.65299,3.806316541,2.65384,6.416417693
2.66068,2.04528734,2.65954,3.864147313,2.6604,6.440547284
2.66723,2.0335832,2.66666,3.893689169,2.66723,6.480372437
2.67407,2.01882754,2.6735,3.94327509,2.6735,6.516236515
2.68062,2.01507603,2.68005,3.997427224,2.68034,6.542821762
2.68718,2.00137605,2.68632,4.051903255,2.68689,6.56864449
2.69401,1.99870089,2.69316,4.11585798,2.69373,6.603296307
2.70057,1.99191866,2.70028,4.158587909,2.70028,6.649851886
2.70683,1.97293075,2.70683,4.212165636,2.70712,6.682905406
2.71396,1.97556431,2.7131,4.262096384,2.71367,6.721477091
2.72079,1.9607252,2.71966,4.310395874,2.72023,6.760559739
2.72706,1.95380718,2.72678,4.37670186,2.72706,6.797020595
2.7339,1.95036923,2.73333,4.40818749,2.73362,6.83984494
2.74045,1.92984516,2.74017,4.474086251,2.74017,6.867339352
2.74701,1.94571903,2.74729,4.536933107,2.74672,6.898490169
2.75384,1.93240547,2.75384,4.598494448,2.75356,6.949549836
2.76068,1.92434845,2.7604,4.634588938,2.7604,6.984107858
2.76752,1.91226809,2.76695,4.681895807,2.76666,7.01238585
2.77436,1.8983486,2.77379,4.73495093,2.7735,7.049891525
2.78062,1.8957777,2.78005,4.772372272,2.78034,7.092810711
2.78718,1.87849352,2.78632,4.813598225,2.78718,7.124192025
2.79373,1.87149191,2.79344,4.871334548,2.79373,7.153598688
2.8,1.86647582,2.80028,4.919175403,2.80057,7.203925268
2.80655,1.85680951,2.80683,4.974915757,2.80712,7.235526743
2.81339,1.8404655,2.81367,5.029423445,2.81339,7.275488205
2.82051,1.82940942,2.82051,5.094067824,2.82023,7.315564392
2.82706,1.8222405,2.82706,5.135920379,2.82706,7.347364444
2.8339,1.81109036,2.83333,5.189184152,2.83362,7.39280064
2.84045,1.80126708,2.84017,5.23853997,2.84045,7.418560446
2.84701,1.80158091,2.84672,5.301814459,2.84729,7.460454567
2.85384,1.78177789,2.85327,5.341347148,2.85356,7.490948171
2.8604,1.77324012,2.86011,5.401268729,2.86011,7.534703134
2.86723,1.76807778,2.86695,5.455755094,2.86666,7.562730093
2.87407,1.74179589,2.8735,5.516563859,2.87322,7.593871361
2.88062,1.73444919,2.88005,5.588721443,2.88005,7.634783455
2.88718,1.71434347,2.88689,5.640156689,2.88689,7.679812947
2.89401,1.702587,2.89373,5.701843744,2.89373,7.714329632
2.90057,1.68424715,2.90028,5.761575774,2.90057,7.753621453
2.9074,1.66126742,2.90712,5.813564889,2.90712,7.797302506
2.91367,1.6605673,2.91367,5.878564561,2.91367,7.82296904
2.92022,1.6376607,2.92022,5.941985693,2.92022,7.863253484
2.92735,1.63165185,2.92706,5.991487369,2.92678,7.89322396
2.9339,1.6182339,2.93362,6.043163183,2.93333,7.934606726
2.94045,1.61105478,2.93988,6.088422542,2.93988,7.966270469
2.94729,1.59960142,2.94701,6.168114785,2.94672,8.022303848
2.95384,1.59812792,2.95356,6.224576581,2.95327,8.034498804
2.9604,1.58795994,2.96011,6.284894399,2.95954,8.055629332
2.96723,1.57789661,2.96695,6.341491589,2.96609,8.111234031
2.97379,1.56321421,2.97379,6.397253789,2.97322,8.1397106
2.98062,1.56115557,2.98034,6.439273132,2.98034,8.172335963
2.98718,1.55454066,2.98689,6.498065391,2.98746,8.216758606
2.99401,1.53732934,2.99373,6.55760931,2.99401,8.260105949
3.00057,1.52711963,3.00028,6.61120836,3.00085,8.275885364
3.0074,1.51160133,3.00683,6.670647889,3.0074,8.322712907
3.01424,1.51885357,3.01367,6.713242555,3.01396,8.347991183
3.02051,1.49897756,3.02022,6.776423642,3.02051,8.392279086
3.02706,1.49765044,3.02706,6.846449341,3.02706,8.420682268
3.03362,1.49930159,3.0339,6.890110538,3.03333,8.448030559
3.04045,1.47932092,3.04017,6.936905922,3.04045,8.479976732
3.04729,1.48801527,3.04701,7.003524294,3.04701,8.523605066
3.05384,1.46466978,3.05356,7.062369009,3.05384,8.557181061
3.0604,1.4833546,3.0604,7.11658328,3.06068,8.60292114
3.06695,1.45652931,3.06695,7.168845013,3.06723,8.622097425
3.07379,1.46004051,3.0735,7.238797325,3.07379,8.662706551
3.08005,1.46199475,3.08034,7.29143371,3.08034,8.687430957
3.08661,1.46224552,3.08689,7.339358417,3.08689,8.709899853
3.09373,1.44153334,3.09344,7.404681854,3.09344,8.750559997
3.10057,1.43255669,3.1,7.450327117,3.10028,8.780216648
3.1074,1.4251268,3.10655,7.511617018,3.10683,8.809069964
3.11396,1.41703838,3.11339,7.576115539,3.11367,8.851090321
3.12051,1.41481257,3.12022,7.637425454,3.12022,8.887623518
3.12735,1.3957098,3.12678,7.687564197,3.12706,8.913184354
3.1339,1.39404832,3.13333,7.74864558,3.13361,8.940219212
3.14074,1.39776831,3.14017,7.80640388,3.14045,8.981653781
3.14729,1.3751962,3.14672,7.861777953,3.14729,9.020559305
3.15413,1.37198809,3.15327,7.924059821,3.15356,9.031061648
3.1604,1.37196703,3.15983,7.978306142,3.1604,9.071921285
3.16695,1.35038768,3.16638,8.027463383,3.16695,9.109144137
3.17379,1.35141183,3.17322,8.085764171,3.1735,9.117420926
3.18005,1.33953004,3.18005,8.158266975,3.18005,9.141749094
3.18689,1.32734542,3.18661,8.208427302,3.18661,9.181302282
3.19373,1.31553663,3.19344,8.259059085,3.19344,9.205452803
3.20057,1.31946605,3.2,8.314108346,3.20028,9.244546047
3.2074,1.31624735,3.20683,8.390205542,3.20712,9.264276202
3.21396,1.30531645,3.21339,8.440816002,3.21367,9.281204957
3.22079,1.30598518,3.21994,8.501741061,3.22051,9.318157284
3.22735,1.2960473,3.22678,8.556477414,3.22735,9.341313873
3.2339,1.29047734,3.23333,8.609249454,3.2339,9.374576436
3.24045,1.28169927,3.24017,8.65774909,3.24045,9.405351946
3.24729,1.27504249,3.24701,8.728767279,3.24701,9.423410418
3.25413,1.26712125,3.25356,8.76856199,3.25356,9.458512499
3.26068,1.2661285,3.25983,8.82782335,3.26011,9.481555149
3.26723,1.27046541,3.26666,8.874744054,3.26695,9.511463356
3.27407,1.25119546,3.27322,8.938938693,3.27379,9.544557299
3.28091,1.26299352,3.28005,8.988200847,3.28034,9.574392773
3.28746,1.24862468,3.28689,9.03515347,3.28689,9.597926502
3.29401,1.24195744,3.29344,9.073453101,3.29344,9.618115817
3.30028,1.228247,3.3,9.123905799,3.30028,9.663532522
3.30683,1.23484098,3.30683,9.174316506,3.30712,9.692311927
3.31396,1.23469473,3.3131,9.222000775,3.31367,9.715124081
3.32051,1.24931434,3.31965,9.285087545,3.32022,9.740287633
3.32706,1.24183212,3.32649,9.330085014,3.32706,9.757729312
3.33362,1.22945926,3.33362,9.381688487,3.33362,9.795234594
3.34045,1.23799702,3.34045,9.433404723,3.34045,9.813459855
3.34701,1.23473659,3.34701,9.475016841,3.34701,9.836847856
3.35384,1.23227034,3.35356,9.513369321,3.35356,9.848184535
3.3604,1.23230173,3.3604,9.557331916,3.36011,9.88693439
3.36695,1.23438117,3.36666,9.607556081,3.36695,9.919497355
3.3735,1.22121413,3.3735,9.6480394,3.3735,9.932601605
3.38005,1.22224874,3.38005,9.688815089,3.38034,9.958308169
3.38689,1.21313604,3.38661,9.741441533,3.38718,9.989407054
3.39373,1.21630268,3.39344,9.789573842,3.39344,10.01168718
3.40028,1.19385576,3.40028,9.826389382,3.40028,10.03878496
3.40712,1.19540239,3.40712,9.863415533,3.40683,10.04013236
3.41367,1.20200684,3.41367,9.920493204,3.41367,10.07682214
3.42051,1.19034456,3.42022,9.969149426,3.42022,10.0912229
3.42735,1.19055347,3.42678,9.997102408,3.42706,10.13131007
3.43418,1.18990581,3.43361,10.06086902,3.43361,10.13539607
3.44074,1.18630029,3.44045,10.09638806,3.44017,10.17102011
3.44729,1.18301906,3.44672,10.13779166,3.44701,10.19848312
3.45384,1.18064699,3.45327,10.19068954,3.45384,10.20975897
3.46068,1.18053187,3.4604,10.25981746,3.4604,10.23587355
3.46695,1.17480532,3.46695,10.29569284,3.46695,10.25484027
3.4735,1.17536953,3.4735,10.34403471,3.47322,10.26957539
3.48034,1.16172174,3.48005,10.3775269,3.48005,10.28437225
3.48718,1.16391629,3.48718,10.42029869,3.48689,10.32212804
3.49373,1.16034243,3.49344,10.47736734,3.49373,10.3497258
3.50057,1.15691468,3.5,10.52943887,3.50028,10.35355227
3.50712,1.15339315,3.50712,10.54946056,3.50712,10.3628311
3.51396,1.15804336,3.51367,10.5830803,3.51367,10.40104788
3.52051,1.15092676,3.52022,10.63562394,3.52051,10.42212451
3.52706,1.15101049,3.52678,10.67844766,3.52706,10.42729837
3.5339,1.15019538,3.5339,10.7506356,3.53333,10.46108289
3.54045,1.1450329,3.54017,10.78807891,3.54017,10.47618324
3.54729,1.14479272,3.54672,10.81087113,3.54701,10.4907606
3.55384,1.14952652,3.55356,10.870383,3.55356,10.51181918
3.5604,1.15830459,3.56011,10.91625967,3.5604,10.52501827
3.56723,1.15585914,3.56666,10.96562452,3.56695,10.53389982
3.57379,1.15080131,3.5735,10.98833288,3.57379,10.54858195
3.58062,1.1611574,3.58005,11.05856762,3.58034,10.55943959
3.58689,1.15420799,3.58718,11.11173799,3.58689,10.58196931
3.59373,1.15504416,3.59344,11.16108295,3.59373,10.5871212
3.60028,1.15636095,3.6,11.20495267,3.60057,10.614689
3.60683,1.14942213,3.60683,11.25709798,3.60712,10.63822377
3.61339,1.15890019,3.61367,11.31128138,3.61367,10.64518312
3.61994,1.14957872,3.61994,11.33694785,3.62051,10.65195476
3.62678,1.15991401,3.62649,11.39168512,3.62706,10.65981228
3.63361,1.15700861,3.63361,11.44980774,3.63333,10.66887357
3.64045,1.14840832,3.64017,11.48379193,3.64017,10.68800695
3.647,1.15826273,3.64672,11.51594563,3.647,10.68327328
3.65384,1.15535773,3.65327,11.56005683,3.65356,10.71113345
3.6604,1.15737463,3.66011,11.61078096,3.66011,10.71163447
3.66723,1.1497145,3.66666,11.64777428,3.66723,10.67479791
3.67379,1.15616237,3.67293,11.67117125,3.67379,10.68998304
3.68062,1.1585449,3.68005,11.72285753,3.68034,10.69604212
3.68718,1.15269276,3.68718,11.75682171,3.68718,10.70906448
3.69401,1.14775006,3.69344,11.78742839,3.69373,10.7033378
3.70057,1.14897265,3.70028,11.82996066,3.70028,10.70651359
3.7074,1.15902564,3.70683,11.86999398,3.70712,10.71982636
3.71396,1.15129252,3.71339,11.91021776,3.71367,10.72931567
3.72051,1.15104175,3.72022,11.96148596,3.72051,10.73594066
3.72735,1.15192998,3.72678,11.98979423,3.72706,10.73534584
3.7339,1.14445823,3.73361,12.02791622,3.7339,10.67944969
3.74045,1.14663185,3.74017,12.05921557,3.74045,10.63862001
3.74729,1.15409327,3.74672,12.09427466,3.747,10.65567448
3.75384,1.15795976,3.75356,12.12985753,3.75384,10.66661492
3.76068,1.13944213,3.76011,12.1857236,3.7604,10.6661988
3.76723,1.1438417,3.76666,12.19763623,3.76695,10.65839111
3.77379,1.13252412,3.77322,12.25041939,3.77379,10.65733622
3.78062,1.13815675,3.78005,12.30699604,3.78062,10.65438896
3.78746,1.14458355,3.78689,12.32801062,3.78718,10.65768052
3.79401,1.1497145,3.79316,12.36602782,3.79373,10.62874335
3.80057,1.14553444,3.8,12.4051109,3.80028,10.62198376
3.8074,1.13867922,3.80683,12.45317035,3.80712,10.62908975
3.81396,1.15028943,3.81367,12.50461606,3.81367,10.62568346
3.82051,1.14162622,3.81994,12.53239349,3.82022,10.61067586
3.82706,1.14650627,3.82678,12.54888306,3.82706,10.60277542
3.8339,1.15027884,3.83361,12.58858293,3.8339,10.58232461
3.84045,1.15187779,3.84017,12.62200213,3.84045,10.5839874
3.84701,1.14681983,3.84672,12.66259023,3.84701,10.55441355
3.85327,1.16497183,3.85356,12.68717892,3.85356,10.56223013
3.86011,1.16188892,3.86039,12.71576963,3.86039,10.56381796
3.86723,1.16252638,3.86638,12.73811367,3.86666,10.54699504
3.87379,1.15786571,3.8735,12.78158506,3.8735,10.54978362
3.88034,1.16242186,3.87977,12.82224602,3.88034,10.51705387
3.88718,1.16561963,3.88689,12.85586498,3.88689,10.50505657
3.89401,1.17123133,3.89316,12.87657711,3.89373,10.50532893
3.90057,1.17588153,3.9,12.915805,3.90028,10.49403215
3.9074,1.17431398,3.90683,12.94162715,3.90683,10.46951639
3.91396,1.1720361,3.91339,12.95910071,3.91367,10.44012111
3.92051,1.18185925,3.91994,12.99314677,3.92022,10.44518822
3.92706,1.18397008,3.92678,13.01688909,3.92678,10.43107094
3.9339,1.18649912,3.93361,13.07311045,3.93361,10.41894872
3.94045,1.1867707,3.94017,13.10315424,3.94017,10.41695262
3.94672,1.19039675,3.947,13.11270554,3.947,10.42005659
3.95356,1.19286301,3.95356,13.1457705,3.95384,10.41699461
3.9604,1.20338628,3.9604,13.14292698,3.96011,10.40054686
3.96695,1.20236213,3.96695,13.1254355,3.96695,10.38977216
3.9735,1.19840158,3.9735,13.14591714,3.9735,10.38385671
3.98062,1.21355426,3.98005,13.18328563,3.98034,10.36599682
3.98746,1.20015725,3.98689,13.21357104,3.98689,10.36486906
3.99401,1.21347054,3.99344,13.22074988,3.99344,10.35315511
4.00057,1.20835018,4.00028,13.25032274,4.00057,10.34335237
4.00171,1.20662578,4.00142,13.25497254,4.00199,10.33786612
4.02165,1.21979282,4.02136,13.30423457,4.02165,10.31042404
4.04159,1.2243597,4.04102,13.34993268,4.04159,10.26447531
4.06153,1.23925101,4.06125,13.41104546,4.06153,10.23901938
4.08148,1.2546648,4.08119,13.46979481,4.08176,10.18084378
4.10171,1.26577321,4.10114,13.51719652,4.10171,10.14161384
4.12136,1.28988174,4.12136,13.55317576,4.12165,10.09632193
4.14159,1.28896211,4.14131,13.58633451,4.14131,10.03694558
4.16153,1.30755273,4.16125,13.62308713,4.16182,9.993703538
4.18148,1.31604877,4.18119,13.67090705,4.18176,9.936017967
4.20142,1.32156641,4.20142,13.69540182,4.28176,9.68757826
4.22136,1.33356305,4.22136,13.7176072,4.38176,9.372278019
4.24159,1.33115959,4.24131,13.76401681,4.48205,9.067625716
4.26125,1.349301,4.26153,13.78307637,4.58148,8.729284788
4.28148,1.34897684,4.28119,13.80979969,4.68148,8.450810114
4.30142,1.36050346,4.30085,13.84294654,4.78205,8.19162645
4.32136,1.36937546,4.32136,13.87068093,4.88176,7.944711783
4.34159,1.36296971,4.34131,13.88545683,4.98205,7.700325637
4.36153,1.36852909,4.36125,13.91316937,5.08148,7.466045072
4.38176,1.37472605,4.38119,13.93348632,5.18148,7.201846358
4.40142,1.37588585,4.40113,13.9410525,5.28205,7.035115068
4.42165,1.3842669,4.42108,13.95668576,5.38176,6.85097454
4.44159,1.3881126,4.44131,13.96046826,5.48176,6.624855516
4.46153,1.41014143,4.46125,13.98669659,5.58176,6.480236258
4.48176,1.417446,4.48119,13.95269251,5.68176,6.322210306
4.50142,1.4283349,4.50114,13.97521329,5.78176,6.124285814
4.52165,1.46146181,4.52136,13.99770202,5.88176,5.931858033
4.54188,1.46240224,4.54131,13.98646805,5.98148,5.750537874
4.56182,1.4739286,4.56125,13.9785556,6.08176,5.552268685
4.58148,1.47769071,4.58119,13.95455296,6.18176,5.366090062
4.60171,1.49630226,4.60114,13.94420723,6.28176,5.154475007
4.62165,1.51536317,4.62108,13.93197135,6.38176,4.979686567
4.64159,1.51183117,4.64131,13.89869683,6.48176,4.831828594
4.66182,1.53643065,4.66125,13.89418164,6.58176,4.666456209
4.68148,1.54598196,4.68148,13.88614753,6.68176,4.556730383
4.70142,1.55865793,4.70142,13.87281268,6.78176,4.420606899
4.72136,1.58913034,4.72079,13.87103622,6.88176,4.278359969
4.74131,1.60131522,4.74102,13.86463089,6.98147,4.118735459
4.76153,1.59621553,4.76125,13.83314486,7.08176,3.948587154
4.78148,1.62035533,4.78119,13.76494704,7.18176,3.791313257
4.80142,1.63356423,4.88119,13.66953677,7.28176,3.642786428
4.82165,1.64536229,4.98119,13.53176481,7.38204,3.495199504
4.84131,1.66602215,5.08148,13.40602924,7.48176,3.41387686
4.86153,1.67906413,5.18119,13.22808649,7.58176,3.322501485
4.88176,1.69282677,5.28119,12.96878674,7.68204,3.27767057
4.90142,1.70538775,5.38119,12.59452924,7.78176,3.306836664
4.92165,1.71964147,5.48119,12.28341044,7.88204,3.323839329
4.94159,1.73230723,5.58119,12.01596264,7.98147,3.335846173
4.96153,1.75986417,5.68119,11.57865827,8.08176,3.339607755
4.98148,1.76066868,5.78148,11.02726029,8.18176,3.262570215
5.00199,1.78648042,5.88119,10.49479812,8.28176,3.222713274
5.02165,1.79214431,5.98119,9.973767442,8.38176,3.204655849
5.04159,1.80141359,6.08119,9.362961334,8.48147,3.216945122
5.06153,1.80461123,6.18091,8.665889028,8.58176,3.187496599
5.08119,1.81253247,6.28119,8.052125333,8.68147,3.201739985
5.10142,1.82071494,6.38148,7.544576536,8.78204,3.210016774
5.12165,1.83601387,6.48119,7.175532254,8.88147,3.222943377
5.14159,1.82310794,6.58119,6.842049523,8.98176,3.260375534
5.16153,1.83611826,6.68119,6.585156113,9.08204,3.269770266
5.18148,1.83945195,6.78119,6.405446183,9.18147,3.319429167
5.20199,1.85783366,6.88119,6.271581661,9.28204,3.389141466
5.22165,1.84705975,6.98119,6.095006571,9.38147,3.426667678
5.2413,1.86276617,7.08119,6.014331911,9.48176,3.469011279
5.26153,1.88299748,7.18147,5.920887787,9.58176,3.503152133
5.28148,1.8933431,7.28119,5.802060008,9.68176,3.538922548
5.30142,1.911338,7.38119,5.735878819,9.78176,3.548996733
5.32136,1.92147471,7.48119,5.657096785,9.88176,3.546258385
5.34159,1.93267731,7.58119,5.600415351,9.98176,3.559508887
5.36153,1.94826861,7.6809,5.492006169,10.08147,3.57103564
5.38119,1.92787012,7.78119,5.378455582,10.18204,3.523853981
5.40142,1.954852,7.8809,5.316204193,10.28176,3.484571579
5.42136,1.97550152,7.98147,5.210157392,10.38176,3.427952934
5.44159,1.99003793,8.08119,5.185944529,10.48176,3.361062182
5.46125,2.01024818,8.18119,5.145063926,10.58176,3.322783391
5.48148,2.02706234,8.28119,5.123348706,10.68233,3.260553442
5.5017,2.05499537,8.38119,5.049497989,10.78176,3.204248099
5.52136,2.08158049,8.48147,5.039580936,10.88176,3.158800653
5.5413,2.09647167,8.58147,5.023790569,10.98176,3.127314556
5.56182,2.10184306,8.68119,4.992388398,11.08147,3.12018763
5.58148,2.13892006,8.7809,4.968467906,11.18147,3.14454667
5.6017,2.15594326,8.88119,4.992169284,11.28175,3.140325274
5.62193,2.1723812,8.98147,4.999839205,11.38147,3.188656534
5.64187,2.19065852,9.08147,4.979556142,11.48175,3.25720929
5.66153,2.21714945,9.18147,4.972867331,11.58175,3.300650167
5.68148,2.23490404,9.2809,4.934735274,11.68175,3.387093297
5.7017,2.26914902,9.38119,4.928037044,11.78175,3.436992635
5.72165,2.28709198,9.48119,4.906948949,11.88204,3.534523243
5.74131,2.31462786,9.58147,4.923041758,11.98118,3.581810078
5.76125,2.33542377,9.68119,4.866402316,12.08204,3.664229996
5.78148,2.35105706,9.7809,4.826775701,12.18176,3.755396068
5.80142,2.39614895,9.88119,4.767869111,12.28176,3.842278082
5.82136,2.40928486,9.98119,4.759530074,12.38175,3.945796611
5.84102,2.44034254,10.08147,4.729255656,12.48147,4.013471599
5.86153,2.45536977,10.18119,4.684069553,12.58175,4.089715747
5.88176,2.47929032,10.28119,4.602695689,12.68175,4.065052955
5.9017,2.49430695,10.38119,4.590071559,12.78204,3.983918685
5.92165,2.50735887,10.4809,4.569526475,12.88175,3.876000852
5.94159,2.51846728,10.58119,4.574981705,12.98175,3.771729483
5.96153,2.53422629,10.68147,4.611609133,13.08175,3.666278034
5.98176,2.54610794,10.7809,4.633282493,13.18147,3.528723565
6.0017,2.54280565,10.8809,4.621578512,13.28175,3.422989164
6.02165,2.56639158,10.98119,4.6162176,13.38175,3.377197151
6.04159,2.57766717,11.08119,4.565231963,13.48175,3.313974186
6.06153,2.5932064,11.18147,4.508278566,13.58175,3.322177326
6.08148,2.59713569,11.28119,4.463834443,13.68204,3.321476943
6.1017,2.62221604,11.38147,4.419725206,13.78175,3.266718617
6.12165,2.63115096,11.48147,4.314670502,13.88175,3.281672982
6.14159,2.63576938,11.58119,4.198507547,13.98147,3.308090525
6.16153,2.663755,11.68118,4.130059734,14.08175,3.32933604
6.18147,2.66153952,11.78118,4.040011425,14.18147,3.363726881
6.20142,2.67882409,11.88118,3.994626745,14.28175,3.364061505
6.22136,2.69369434,11.98118,3.936984217,14.38175,3.353830865
6.2413,2.7061508,12.08147,3.888035755,14.48147,3.358428616
6.26153,2.71472022,12.18147,3.863593574,14.58175,3.366945319
6.28148,2.73353035,12.28147,3.835649618,14.68175,3.315959825
6.3017,2.73823276,12.38119,3.813610762,14.78204,3.268369893
6.32165,2.74283103,12.48119,3.836203748,14.88147,3.177955746
6.34187,2.750825,12.58118,3.864011527,14.98204,3.049032966
6.36153,2.75964493,12.68118,3.839976048,15.08204,2.955567431
6.38176,2.75333311,12.78147,3.807611998,15.18175,2.88255271
6.40142,2.76308327,12.88118,3.74759767,15.28175,2.784760603
6.42136,2.78237402,12.98147,3.718441978,15.38146,2.681544911
6.44159,2.77224764,13.08118,3.69714471,15.48175,2.593743268
6.46153,2.76862184,13.18118,3.677498323,15.58204,2.554900404
6.48148,2.77213291,13.28118,3.598088379,15.68175,2.5167366
6.50142,2.75913318,13.38147,3.550196114,15.78175,2.463127744
6.52165,2.75188067,13.48118,3.493744652,15.88175,2.409487493
6.5413,2.73743858,13.58147,3.461359671,15.98175,2.365910569
6.56153,2.72152312,13.68118,3.471172335,16.08175,2.349409841
6.58176,2.70296362,13.78118,3.475415306,16.18175,2.298988158
6.6017,2.67650409,13.88118,3.490264984,16.28175,2.258483553
6.62165,2.64864418,13.98147,3.449624688,16.38175,2.213088171
6.6413,2.63334525,14.08118,3.457806617,16.48175,2.202648751
6.66153,2.60711582,14.18118,3.464411183,16.58175,2.174015204
6.68148,2.58417756,14.2809,3.494957042,16.68175,2.178916576
6.70142,2.55877331,14.38118,3.509983974,16.78203,2.156448989
6.72136,2.56079008,14.48147,3.538763312,16.88175,2.168435033
6.74159,2.54805133,14.58147,3.569329709,16.98175,2.180097311
6.76153,2.5261796,14.68147,3.591557461,17.08175,2.182218605
6.78176,2.51438128,14.78118,3.607294978,17.18175,2.180254289
6.80142,2.50045145,14.8809,3.643180557,17.28175,2.221417155
6.82165,2.48763958,14.98147,3.637987087,17.38175,2.25533824
6.84159,2.47267501,15.08118,3.680644152,17.48146,2.305958237
6.86153,2.45376048,15.18118,3.691104347,17.58146,2.36667335
6.88147,2.44697825,15.28118,3.671604733,17.68203,2.41518278
6.90142,2.42725896,15.38118,3.670612112,17.78203,2.4335539
6.92165,2.41912894,15.48118,3.654811412,17.88175,2.48007769
6.9413,2.38608576,15.58175,3.620305404,17.98146,2.521345078
6.96153,2.37613702,15.68118,3.589874793,18.08146,2.570366517
6.98147,2.37029575,15.78118,3.540059554,18.18175,2.600546427
7.0017,2.36014843,15.88147,3.527759452,18.28175,2.600588157
7.02165,2.34225806,15.9809,3.482541953,18.38175,2.602155712
7.04187,2.3324663,16.08118,3.410342509,18.48175,2.638783226
7.06153,2.32200595,16.18089,3.318434409,18.58175,2.688599104
7.08147,2.32230879,16.28118,3.282810066,18.68175,2.686801446
7.1017,2.32991633,16.38147,3.223328284,18.78203,2.65962086
7.12136,2.32415838,16.48118,3.160847317,18.88175,2.62798825
7.1413,2.31113746,16.58147,3.128128366,18.98175,2.610473969
7.16153,2.31912162,16.68118,3.123206337,19.08175,2.573208601
7.18119,2.31567307,16.78118,3.126466629,19.18146,2.510383183
7.20142,2.3248585,16.88118,3.152738252,19.28203,2.50088406
7.22165,2.33402326,16.98118,3.174484737,19.38175,2.47338991
7.24159,2.34049206,17.08146,3.178372023,19.48175,2.462626069
7.26182,2.35477718,17.18089,3.191497434,19.58175,2.433846794
7.28204,2.35072244,17.28175,3.198112204,19.68174,2.378147516
7.3017,2.3653737,17.38118,3.203671432,19.78175,2.356609892
7.32136,2.35650132,17.48118,3.216703049,19.88203,2.290460859
7.34159,2.36619902,17.58146,3.240936843,19.98146,2.238826916
7.36153,2.38291912,17.68089,3.262129459,20.08146,2.195365109
7.38147,2.38176965,17.78118,3.269361019,20.18175,2.155153136
7.40142,2.38391201,17.88118,3.296374361,20.28146,2.097782306
7.42164,2.39588798,17.98118,3.301661886,20.38175,2.040369353
7.44187,2.4030671,18.08118,3.289539953,20.48175,1.976717838
7.46153,2.4024401,18.18118,3.306385078,20.58175,1.925219942
7.48147,2.40363143,18.28118,3.309029363,20.68203,1.862958205
7.50199,2.3960027,18.38118,3.321120163,20.78175,1.825693099
7.52164,2.40096673,18.48146,3.327431705,20.88175,1.693583015
7.54159,2.40629626,18.58118,3.313376594,,
7.56153,2.38392273,18.68118,3.315800849,,
7.58147,2.38306563,18.78118,3.291953744,,
7.60142,2.39337986,18.88089,3.264031503,,
7.62107,2.38118451,18.98146,3.226912735,,
7.6413,2.37551003,19.08146,3.203776345,,
7.66153,2.37392154,19.18118,3.206284322,,
7.68147,2.36326274,19.28118,3.166824758,,
7.70142,2.34970888,19.38146,3.169029638,,
7.72136,2.33433696,19.48118,3.146687423,,
7.74159,2.32588252,19.58146,3.108064157,,
7.76153,2.31409492,19.68118,3.078322939,,
7.78147,2.30613209,19.78118,3.019802775,,
7.80142,2.31079289,19.88089,2.990856256,,
7.82164,2.27773885,19.98118,2.958941292,,
7.84159,2.25357839,20.08146,2.950247224,,
7.86125,2.24820739,20.18146,2.926316528,,
7.88176,2.24533339,20.28118,2.932022006,,
7.9017,2.24423598,20.38089,2.908530324,,
7.92165,2.23452782,20.48146,2.902302503,,
7.94187,2.20692928,20.58118,2.872551081,,
7.96153,2.19579994,20.68118,2.857502957,,
7.98147,2.18008305,20.78118,2.820666487,,
8.00142,2.17075124,20.88118,2.783986602,,
8.02164,2.18724124,20.98118,2.702225266,,
8.0413,2.16442857,21.08146,2.650737824,,
8.06153,2.17666578,21.18146,2.623202009,,
8.08119,2.18920569,21.28146,2.567513589,,
8.1017,2.19192285,21.38118,2.567555188,,
8.12136,2.18643686,21.48118,2.551775548,,
8.1413,2.16279861,21.58146,2.534407689,,
8.16153,2.14917163,21.68146,2.53690507,,
8.18147,2.13952625,21.78089,2.527845114,,
8.2017,2.14312104,21.88117,2.502848279,,
8.22136,2.14038309,21.98117,2.496996289,,
8.2413,2.13666298,22.08146,2.518126506,,
8.26153,2.13485524,22.18089,2.523351502,,
8.28176,2.13081097,22.28146,2.534470349,,
8.30142,2.12642187,22.38118,2.520770269,,
8.32136,2.12636941,22.48146,2.486222531,,
8.34187,2.13950532,22.58146,2.47899097,,
8.36125,2.12542899,22.68146,2.457401332,,
8.38147,2.13455202,22.78146,2.464339868,,
8.4017,2.13267103,22.88146,2.428736718,,
8.42164,2.1396623,22.98117,2.432529948,,
8.44187,2.11776912,23.08089,2.435905357,,
8.46153,2.11000486,23.18117,2.458007134,,
8.48176,2.11008845,23.28117,2.461863286,,
8.50142,2.09227081,23.38117,2.43403497,,
8.52136,2.08991942,23.48146,2.441778277,,
8.54159,2.06409734,23.58174,2.420690051,,
8.56153,2.06835066,23.68146,2.434180959,,
8.58147,2.07085864,23.78117,2.440064606,,
8.60142,2.06929122,23.84129,2.417826389,,
8.62136,2.07113047,,,,
8.6413,2.07845571,,,,
8.66153,2.08046228,,,,
8.68176,2.05889353,,,,
8.70142,2.04744016,,,,
8.72164,2.04104488,,,,
8.74159,2.01836812,,,,
8.76153,2.01224415,,,,
8.78176,2.00004893,,,,
8.80142,1.98776986,,,,
8.82164,1.97457156,,,,
8.84159,1.92495465,,,,
8.86181,1.88186894,,,,
8.88176,1.81202033,,,,
8.90142,1.80199873,,,,
8.92164,1.79033645,,,,
8.94159,1.75629005,,,,
8.96153,1.74207806,,,,
8.98147,1.70638037,,,,
9.0017,1.67615873,,,,
9.02164,1.65777715,,,,
9.0413,1.63549741,,,,
9.06125,1.60798246,,,,
9.08119,1.59709343,,,,
9.1017,1.57362263,,,,
9.12164,1.56283798,,,,
9.1413,1.52892736,,,,
9.16153,1.5091768,,,,
9.18119,1.49051292,,,,
9.20142,1.45056232,,,,
9.22164,1.41033975,,,,
9.24159,1.38054653,,,,
9.26153,1.35116092,,,,
9.28119,1.34710645,,,,
9.30142,1.33617569,,,,
9.32193,1.3166861,,,,
9.34159,1.27825059,,,,
9.36153,1.27859542,,,,
9.38147,1.27446782,,,,
9.4017,1.26087223,,,,
9.42164,1.26590912,,,,
9.44159,1.2540692,,,,
9.46181,1.24918902,,,,
9.48176,1.2314449,,,,
9.50142,1.24398481,,,,
9.52164,1.2211096,,,,
9.54159,1.19741942,,,,
9.56124,1.19464994,,,,
9.58147,1.20038709,,,,
9.60198,1.18284141,,,,
9.62136,1.18865142,,,,
9.64159,1.18165008,,,,
9.66181,1.18089776,,,,
9.68176,1.16244292,,,,
9.70141,1.16543165,,,,
9.72164,1.15133438,,,,
9.74159,1.12784265,,,,
9.76153,1.15218089,,,,
9.78147,1.13216882,,,,
9.80141,1.14385216,,,,
9.82136,1.14901451,,,,
9.8413,1.13109248,,,,
9.86153,1.13171948,,,,
9.88147,1.13900325,,,,
9.90141,1.15402001,,,,
9.92136,1.15052974,,,,
9.94187,1.16661238,,,,
9.96153,1.15558744,,,,
9.98176,1.15950626,,,,
10.00141,1.1791629,,,,
10.02136,1.18528673,,,,
10.04159,1.20791117,,,,
10.06153,1.21323023,,,,
10.08147,1.2328764,,,,
10.1017,1.24662871,,,,
10.12136,1.24363985,,,,
10.14159,1.24937713,,,,
10.16181,1.25477992,,,,
10.18176,1.26165594,,,,
10.2017,1.26305618,,,,
10.22164,1.26745575,,,,
10.24159,1.26864708,,,,
10.26181,1.29122978,,,,
10.28147,1.29571281,,,,
10.30141,1.2946366,,,,
10.32164,1.30764679,,,,
10.34187,1.32055273,,,,
10.36153,1.31588159,,,,
10.38119,1.32226653,,,,
10.40141,1.33815047,,,,
10.42136,1.342268,,,,
10.44159,1.33585166,,,,
10.46124,1.34429537,,,,
10.48147,1.36769305,,,,
10.5017,1.36223807,,,,
10.52164,1.36280227,,,,
10.54159,1.3707235,,,,
10.56153,1.36841397,,,,
10.58176,1.37276147,,,,
10.60141,1.37318989,,,,
10.62164,1.36608376,,,,
10.64158,1.37406766,,,,
10.66181,1.38982627,,,,
10.68147,1.40066298,,,,
10.70141,1.39283593,,,,
10.72164,1.40327561,,,,
10.74158,1.40328595,,,,
10.76153,1.40788409,,,,
10.78176,1.41531411,,,,
10.80141,1.42319349,,,,
10.82136,1.43250463,,,,
10.84159,1.43293292,,,,
10.86096,1.4336541,,,,
10.88176,1.4322014,,,,
10.9017,1.43561868,,,,
10.92136,1.44991452,,,,
10.94158,1.46311296,,,,
10.96124,1.46569393,,,,
10.98147,1.46803474,,,,
11.00141,1.47892377,,,,
11.02164,1.48527758,,,,
11.04158,1.49339713,,,,
11.06181,1.50194536,,,,
11.08176,1.49229985,,,,
11.10198,1.49533044,,,,
11.12107,1.49272814,,,,
11.14158,1.48389787,,,,
11.16153,1.49396146,,,,
11.18147,1.47329114,,,,
11.20141,1.48220513,,,,
11.22164,1.48294711,,,,
11.24159,1.45314355,,,,
11.26181,1.443989,,,,
11.28147,1.43033088,,,,
11.30141,1.43767744,,,,
11.32164,1.43969421,,,,
11.34187,1.45203555,,,,
11.36153,1.44329947,,,,
11.38175,1.44682114,,,,
11.40141,1.4374786,,,,
11.42164,1.44905755,,,,
11.44158,1.45903729,,,,
11.46153,1.46808719,,,,
11.48147,1.47330174,,,,
11.50141,1.47095034,,,,
11.52136,1.47238211,,,,
11.54187,1.48234118,,,,
11.56181,1.47385548,,,,
11.58175,1.49573806,,,,
11.6017,1.50087948,,,,
11.62164,1.49467218,,,,
11.72164,1.48619721,,,,
11.82136,1.50767204,,,,
11.92164,1.55239856,,,,
12.02164,1.5614796,,,,
12.12135,1.54545949,,,,
12.22164,1.59036366,,,,
12.32136,1.61101292,,,,
12.42136,1.64892595,,,,
12.52136,1.68007756,,,,
12.62136,1.70173004,,,,
12.72164,1.69451952,,,,
12.82164,1.72069702,,,,
12.92135,1.75889222,,,,
13.02164,1.75597661,,,,
13.12192,1.77740972,,,,
13.22164,1.76514137,,,,
13.32164,1.78720134,,,,
13.42164,1.7948718,,,,
13.52135,1.82515623,,,,
13.62192,1.8445307,,,,
13.72135,1.85347609,,,,
13.82164,1.87386385,,,,
13.92164,1.91079472,,,,
14.02164,1.93281283,,,,
14.12164,1.96860444,,,,
14.22164,1.98926456,,,,
14.32135,2.00403055,,,,
14.42164,2.03785731,,,,
14.52164,2.07488185,,,,
14.62135,2.10629482,,,,
14.72164,2.14814735,,,,
14.82164,2.19139017,,,,
14.92164,2.22429718,,,,
15.02164,2.27717478,,,,
15.12164,2.32531858,,,,
15.22135,2.33475478,,,,
15.32164,2.33285286,,,,
15.42135,2.32057392,,,,
15.52164,2.27656845,,,,
15.62164,2.25425784,,,,
15.72135,2.19375177,,,,
15.82164,2.22583347,,,,
15.92135,2.25134224,,,,
16.02135,2.24438223,,,,
16.12135,2.23763179,,,,
16.22107,2.28129217,,,,
16.32135,2.30480497,,,,
16.42135,2.32157753,,,,
16.52135,2.3060171,,,,
16.62164,2.23717211,,,,
16.72163,2.11192758,,,,
16.80169,1.95624204,,,,
16.90141,1.77886229,,,,
17.00169,1.69228337,,,,
17.10141,1.56597309,,,,
17.20141,1.46850502,,,,
17.30169,1.39728782,,,,
17.40169,1.34956223,,,,
17.50169,1.33675036,,,,
17.60141,1.30966369,,,,
17.70141,1.29543064,,,,
17.80141,1.28660038,,,,
17.90169,1.26593005,,,,
18.00141,1.24329515,,,,
18.10169,1.24589719,,,,
18.20141,1.24357732,,,,
18.30141,1.23736989,,,,
18.40141,1.21399314,,,,
18.50169,1.18773206,,,,
18.60169,1.19016691,,,,
18.70169,1.19110734,,,,
18.80141,1.18129479,,,,
18.90141,1.24400574,,,,
19.00197,1.27018324,,,,
19.10141,1.3096323,,,,
19.2014,1.31653972,,,,
19.3014,1.34544471,,,,
19.4014,1.36236352,,,,
19.50141,1.38343086,,,,
19.60197,1.4259941,,,,
19.70169,1.38585539,,,,
19.80169,1.3872139,,,,
19.90169,1.38041074,,,,
20.0014,1.37460047,,,,
20.10169,1.36542537,,,,
20.20169,1.37185218,,,,
20.30169,1.40201116,,,,
20.40141,1.42456259,,,,
20.50112,1.45065637,,,,
20.6014,1.46046893,,,,
20.7014,1.417519,,,,
20.80169,1.44110492,,,,
20.90169,1.47268507,,,,
21.00141,1.48908128,,,,
21.10169,1.47046972,,,,
21.20198,1.49708598,,,,
21.30169,1.49562294,,,,
21.4014,1.51208181,,,,
21.50141,1.51997191,,,,
21.6014,1.53024415,,,,
21.70169,1.56686133,,,,
21.80169,1.56737334,,,,
21.9014,1.58189889,,,,
22.00169,1.57609921,,,,
22.1014,1.5761828,,,,
22.2014,1.58165858,,,,
22.30169,1.55673508,,,,
22.40112,1.55119664,,,,
22.50169,1.55625446,,,,
22.60169,1.54890816,,,,
22.70169,1.55237763,,,,
22.8014,1.56933805,,,,
22.90169,1.58730168,,,,
23.00197,1.5997478,,,,
23.10169,1.61544375,,,,
23.2014,1.63587377,,,,
23.30168,1.64060756,,,,
23.4014,1.64076454,,,,
23.5014,1.63918639,,,,
23.60169,1.62070016,,,,
23.7014,1.60496221,,,,
23.8014,1.6199791,,,,
23.90168,1.62513112,,,,
24.00197,1.65837275,,,,
24.10168,1.68141527,,,,
24.2014,1.68287817,,,,
24.30169,1.70813604,,,,
24.40168,1.71370601,,,,
24.50169,1.7187221,,,,
24.6014,1.72754177,,,,
24.70169,1.7252011,,,,
24.80169,1.73335218,,,,
24.9014,1.723832,,,,
25.00168,1.73626778,,,,
25.10169,1.7614002,,,,
25.20168,1.77455678,,,,
25.3014,1.78965726,,,,
25.40169,1.80856132,,,,
25.5014,1.82313946,,,,
25.60168,1.82162384,,,,
25.7014,1.85577477,,,,
25.8014,1.88865103,,,,
25.90168,1.90141046,,,,
26.00168,1.92552945,,,,
26.10197,1.94269877,,,,
26.2014,1.95780959,,,,
26.3014,1.9932773,,,,
26.4014,2.00547252,,,,
26.50168,2.02900586,,,,
26.60168,2.05576862,,,,
26.7014,2.07792291,,,,
26.80168,2.09973223,,,,
26.90168,2.0973497,,,,
27.00168,2.10284667,,,,
27.10197,2.10173854,,,,
27.2014,2.10291954,,,,
27.30168,2.14301639,,,,
27.4014,2.163457,,,,
27.5014,2.16356152,,,,
27.60168,2.04724171,,,,
27.7014,2.0000802,,,,
27.8014,2.00931809,,,,
27.90168,1.97561664,,,,
28.0014,1.98650567,,,,
28.10168,2.01014379,,,,
28.2014,2.04273736,,,,
28.30139,2.04218376,,,,
28.40168,2.03338462,,,,
28.5014,1.99553438,,,,
28.60168,1.90717887,,,,
28.7014,1.86938108,,,,
28.8014,1.81797711,,,,
28.90168,1.6881869,,,,
29.00168,1.62305129,,,,
29.10168,1.50555074,,,,
29.2014,1.37410939,,,,
29.3014,1.2208901,,,,
29.40139,1.191724,,,,
29.50168,1.15437518,,,,
29.60168,1.13841811,,,,
29.7014,1.14653779,,,,
29.80168,1.12026624,,,,
29.90168,1.09780899,,,,
30.00139,1.05246619,,,,
30.10168,1.01604759,,,,
30.20139,0.97660886,,,,
30.30168,0.95289762,,,,
30.40168,0.90013514,,,,
30.50139,0.85863778,,,,
30.60168,0.84771748,,,,
30.7014,0.8325126,,,,
30.80111,0.82237589,,,,
30.90139,0.81151839,,,,
31.00168,0.80610513,,,,
31.10168,0.80265659,,,,
31.20139,0.81894841,,,,
31.30168,0.83285743,,,,
31.40139,0.80685758,,,,
31.50139,0.79133927,,,,
31.60139,0.76192215,,,,
31.70168,0.78164157,,,,
31.8014,0.7902314,,,,
31.9014,0.82088159,,,,
32.00139,0.8607592,,,,
32.10196,0.88290302,,,,
32.20139,0.93036724,,,,
32.30139,0.96792485,,,,
32.40139,0.99972451,,,,
32.50139,1.0292043,,,,
32.60139,1.06819341,,,,
32.70139,1.08196652,,,,
32.80168,1.08637668,,,,
32.90139,1.10863523,,,,
33.00196,1.0853838,,,,
33.10139,1.08020065,,,,
33.20168,1.10522855,,,,
33.30139,1.09658626,,,,
33.4011,1.08020065,,,,
33.50168,1.07635508,,,,
33.60168,1.06123367,,,,
33.70139,1.08246833,,,,
33.80139,1.08246833,,,,
33.90168,1.12042296,,,,
34.00139,1.13452009,,,,
34.10167,1.15662218,,,,
34.20167,1.16757374,,,,
34.30139,1.17954958,,,,
34.40167,1.18508829,,,,
34.50139,1.19328109,,,,
34.60196,1.19780598,,,,
34.70139,1.18975942,,,,
34.80139,1.19245552,,,,
34.90167,1.20971903,,,,
35.00167,1.1979313,,,,
35.10167,1.19931074,,,,
35.20139,1.1805528,,,,
35.30167,1.18080371,,,,
35.40168,1.19880907,,,,
35.50139,1.22074371,,,,
35.60139,1.23364965,,,,
35.70167,1.22474613,,,,
35.80139,1.22482985,,,,
35.90196,1.23418259,,,,
36.00168,1.2623248,,,,
36.10139,1.28628694,,,,
36.20167,1.2952216,,,,
36.30139,1.29004879,,,,
36.40167,1.29317343,,,,
36.50167,1.28562855,,,,
36.60167,1.29069671,,,,
36.70139,1.28318323,,,,
36.80167,1.27162534,,,,
36.90167,1.24928308,,,,
37.00167,1.23132991,,,,
37.10139,1.20098269,,,,
37.20167,1.18156636,,,,
37.30167,1.15618317,,,,
37.40139,1.18016611,,,,
37.50139,1.18400135,,,,
37.60167,1.17078198,,,,
37.70139,1.1717538,,,,
37.80139,1.22856056,,,,
37.90138,1.2429294,,,,
38.00167,1.28398774,,,,
38.10167,1.293999,,,,
38.20167,1.32633147,,,,
38.30139,1.33397067,,,,
38.40138,1.34530892,,,,
38.50139,1.3610156,,,,
38.60167,1.35823578,,,,
38.70139,1.29406166,,,,
38.80139,1.29963163,,,,
38.90196,1.31272555,,,,
39.00196,1.31628895,,,,
39.10139,1.30359231,,,,
39.20167,1.30223367,,,,
39.30139,1.32761699,,,,
39.40138,1.33327042,,,,
39.50166,1.33182845,,,,
39.60138,1.34864248,,,,
39.70167,1.34867387,,,,
39.80139,1.37236419,,,,
39.90138,1.37000258,,,,
40.00167,1.37511274,,,,
40.10167,1.38688974,,,,
40.20167,1.42583726,,,,
40.30167,1.43948517,,,,
40.40139,1.42029895,,,,
40.50138,1.41217913,,,,
40.60167,1.43712357,,,,
40.70138,1.44831544,,,,
40.80139,1.4510012,,,,
40.90138,1.46027048,,,,
41.00138,1.47656204,,,,
41.10196,1.49195515,,,,
41.20139,1.51847735,,,,
41.30167,1.56106152,,,,
41.40139,1.58971573,,,,
41.50139,1.60215139,,,,
41.60167,1.60617447,,,,
41.70138,1.62573718,,,,
41.80138,1.61254908,,,,
41.90167,1.6247443,,,,
42.00139,1.61556907,,,,
42.10138,1.62321873,,,,
42.20167,1.63937463,,,,
42.30138,1.65563479,,,,
42.40167,1.6697008,,,,
42.50167,1.68695358,,,,
42.60139,1.70300509,,,,
42.70195,1.71454191,,,,
42.80138,1.74468009,,,,
42.90138,1.76936316,,,,
43.00195,1.79909359,,,,
43.10167,1.82016107,,,,
43.20167,1.79969966,,,,
43.30138,1.77770222,,,,
43.40138,1.79404636,,,,
43.50195,1.80658641,,,,
43.60167,1.82141519,,,,
43.70167,1.84147905,,,,
43.80138,1.8469445,,,,
43.90166,1.86967359,,,,
44.00166,1.88408429,,,,
44.10167,1.89533894,,,,
44.20138,1.89303987,,,,
44.30138,1.89696916,,,,
44.40166,1.88296595,,,,
44.50138,1.84611893,,,,
44.60195,1.83289956,,,,
44.70167,1.76276918,,,,
44.80138,1.75796212,,,,
44.90138,1.73253707,,,,
45.00166,1.72248395,,,,
45.10138,1.7361006,,,,
45.20166,1.73592295,,,,
45.30167,1.71304749,,,,
45.40138,1.71934897,,,,
45.50138,1.73356096,,,,
45.60166,1.73451225,,,,
45.70138,1.72751051,,,,
45.8011,1.74802398,,,,
45.90167,1.77584229,,,,
46.00166,1.7869609,,,,
46.10166,1.76918552,,,,
46.20138,1.76751331,,,,
46.30138,1.77209078,,,,
46.40138,1.76778501,,,,
46.50138,1.76362615,,,,
46.60166,1.76732533,,,,
46.70138,1.77303108,,,,
46.80138,1.77458804,,,,
46.90138,1.7757795,,,,
47.00167,1.78887342,,,,
47.10166,1.79376393,,,,
47.20166,1.80802851,,,,
47.30166,1.81246994,,,,
47.40109,1.81030665,,,,
47.50166,1.81458077,,,,
47.60166,1.82935709,,,,
47.70166,1.85271291,,,,
47.80138,1.85065441,,,,
47.90138,1.84043411,,,,
48.00167,1.8502154,,,,
48.10166,1.8757451,,,,
48.20138,1.88808657,,,,
48.30166,1.89432526,,,,
48.40137,1.92223723,,,,
48.50138,1.92259266,,,,
48.60166,1.92445271,,,,
48.70166,1.92216411,,,,
48.80137,1.95223963,,,,
48.90166,1.96600266,,,,
49.00166,1.99556591,,,,
49.10137,1.98824028,,,,
49.20166,2.0206668,,,,
49.30109,2.04224629,,,,
49.40137,2.07116174,,,,
49.50166,2.0823642,,,,
49.60138,2.09116307,,,,
49.70166,2.08782978,,,,
49.80137,2.10498864,,,,
49.90166,2.12008925,,,,
50.00138,2.12729964,,,,
50.10166,2.15153349,,,,
50.20166,2.18150409,,,,
50.30165,2.18623802,,,,
50.40166,2.19916489,,,,
50.50138,2.22492443,,,,
50.60166,2.26120686,,,,
50.70166,2.28262976,,,,
50.80166,2.31360384,,,,
50.90166,2.32738729,,,,
51.00166,2.34500648,,,,
51.10166,2.35927067,,,,
51.20138,2.39494729,,,,
51.30166,2.39903329,,,,
51.40137,2.4233298,,,,
51.50137,2.41559668,,,,
51.60166,2.45572506,,,,
51.70137,2.45459626,,,,
51.80166,2.49254069,,,,
51.90137,2.52424616,,,,
52.00165,2.55166718,,,,
52.10166,2.56983999,,,,
52.20138,2.61897641,,,,
52.30165,2.63969893,,,,
52.40137,2.66070388,,,,
52.50137,2.69928537,,,,
52.60138,2.74640476,,,,
52.70165,2.79851932,,,,
52.80166,2.83943141,,,,
52.90137,2.88710494,,,,
53.00166,2.91419147,,,,
53.10137,2.95334803,,,,
53.20166,2.95429892,,,,
53.2216,2.96453976,,,,
53.32131,2.90635356,,,,
53.42188,2.84120788,,,,
53.5216,2.81334797,,,,
53.6216,2.81442458,,,,
53.7216,2.80614779,,,,
53.8216,2.63567585,,,,
53.88171,2.48046045,,,,
53.96148,2.3054631,,,,
54.06149,2.19299919,,,,
54.16149,2.08901051,,,,
54.26148,1.98990189,,,,
54.36148,1.90170296,,,,
54.46177,1.77124415,,,,
54.56177,1.68796739,,,,
54.66148,1.59156546,,,,
54.76148,1.50145428,,,,
54.8612,1.38288746,,,,
54.9612,1.28173066,,,,
55.06148,1.2249553,,,,
55.16149,1.1799988,,,,
55.26149,1.13443663,,,,
55.36148,1.06158896,,,,
55.4612,1.01662226,,,,
55.56149,0.96675432,,,,
55.66206,0.90571544,,,,
55.76148,0.8796006,,,,
55.86148,0.87710308,,,,
55.96148,0.8933843,,,,
56.06148,0.90216251,,,,
56.16148,0.90567358,,,,
56.26149,0.89053149,,,,
56.36148,0.81778847,,,,
56.46148,0.83441452,,,,
56.56177,0.83889755,,,,
56.66148,0.81867671,,,,
56.76177,0.83077787,,,,
56.8612,0.79180942,,,,
56.96148,0.77821383,,,,
57.06148,0.76549614,,,,
57.16148,0.76766976,,,,
57.26148,0.76290457,,,,
57.36148,0.7320036,,,,
57.46148,0.72141767,,,,
57.56176,0.70519911,,,,
57.66148,0.64464084,,,,
57.76148,0.62229845,,,,
57.86148,0.5912723,,,,
57.96148,0.57483423,,,,
58.04154,0.5647603,,,,